index,_,lat,lon,ADM1_EN,ADM2_EN
0,3440,24.319999999999993,123.79999999999995, Okinawa,Taketomi-cho
1,3585,24.499999999999993,124.24999999999994, Okinawa,Ishigaki City
2,5031,26.29999999999999,127.84999999999985, Okinawa,Okinawa City
3,5174,26.47999999999999,127.84999999999985, Okinawa,Onna-son
4,5462,26.83999999999999,128.29999999999984, Okinawa,Kunigami-son
5,5892,27.37999999999999,128.52499999999984, Kagoshima,China-cho
6,6180,27.739999999999988,128.97499999999982, Kagoshima,Tokunoshima-cho
7,6611,28.279999999999987,129.4249999999998, Kagoshima,Amami City
8,8189,30.259999999999984,130.54999999999978, Kagoshima,Yakushima-cho
9,8332,30.439999999999984,130.54999999999978, Kagoshima,Yakushima-cho
10,8477,30.619999999999983,130.99999999999977, Kagoshima,Nishinoomote City
11,8905,31.159999999999982,130.77499999999978, Kagoshima,Minamiosumi-cho
12,9046,31.339999999999982,130.3249999999998, Kagoshima,Minamikyushu City
13,9047,31.339999999999982,130.54999999999978, Kagoshima,Kagoshima City
14,9190,31.519999999999982,130.54999999999978, Kagoshima,Kagoshima City
15,9333,31.69999999999998,130.54999999999978, Kagoshima,Kagoshima City
16,9049,31.339999999999982,130.99999999999977, Kagoshima,Kimotsuki-cho
17,9189,31.519999999999982,130.3249999999998, Kagoshima,Hioki City
18,9191,31.519999999999982,130.77499999999978, Kagoshima,Tarumizu City
19,9192,31.519999999999982,130.99999999999977, Kagoshima,Shibushi City
20,9193,31.519999999999982,131.22499999999977, Miyazaki,Kushima City
21,9332,31.69999999999998,130.3249999999998, Kagoshima,Ichikikushikino City
22,9335,31.69999999999998,130.99999999999977, Kagoshima,Soo City
23,9336,31.69999999999998,131.22499999999977, Miyazaki,Nichinan City
24,9337,31.69999999999998,131.44999999999976, Miyazaki,Nichinan City
25,9475,31.87999999999998,130.3249999999998, Kagoshima,Satsumasendai City
26,9476,31.87999999999998,130.54999999999978, Kagoshima,Satsumasendai City
27,9477,31.87999999999998,130.77499999999978, Kagoshima,Kirishima City
28,9478,31.87999999999998,130.99999999999977, Miyazaki,Miyakonojo City
29,9479,31.87999999999998,131.22499999999977, Miyazaki,Miyakonojo City
30,9480,31.87999999999998,131.44999999999976, Miyazaki,Miyazaki City
31,9618,32.05999999999998,130.3249999999998, Kagoshima,Izumi City
32,9619,32.05999999999998,130.54999999999978, Kagoshima,Isa City
33,9620,32.05999999999998,130.77499999999978, Miyazaki,Ebino City
34,9621,32.05999999999998,130.99999999999977, Miyazaki,Kobayashi City
35,9622,32.05999999999998,131.22499999999977, Miyazaki,Kunitomi-cho
36,9623,32.05999999999998,131.44999999999976, Miyazaki,Shintomi-cho
37,9760,32.23999999999998,130.0999999999998, Kumamoto,Amakusa City
38,9903,32.41999999999998,130.0999999999998, Kumamoto,Amakusa City
39,9904,32.41999999999998,130.3249999999998, Kumamoto,Amakusa City
40,9762,32.23999999999998,130.54999999999978, Kumamoto,Ashikita-machi
41,9763,32.23999999999998,130.77499999999978, Kumamoto,Yamae-mura
42,9764,32.23999999999998,130.99999999999977, Kumamoto,Taragi-machi
43,9765,32.23999999999998,131.22499999999977, Miyazaki,Nishimera-son
44,9766,32.23999999999998,131.44999999999976, Miyazaki,Kawaminami-cho
45,9905,32.41999999999998,130.54999999999978, Kumamoto,Yatsushiro City
46,9906,32.41999999999998,130.77499999999978, Kumamoto,Itsuki-mura
47,9907,32.41999999999998,130.99999999999977, Kumamoto,Minakami-mura
48,9908,32.41999999999998,131.22499999999977, Miyazaki,Shiiba-son
49,9909,32.41999999999998,131.44999999999976, Miyazaki,Misato-cho
50,9910,32.41999999999998,131.67499999999976, Miyazaki,Hyuga City
51,10040,32.59999999999998,128.74999999999983, Nagasaki,Goto City
52,10049,32.59999999999998,130.77499999999978, Kumamoto,Uki City
53,10050,32.59999999999998,130.99999999999977, Kumamoto,Yamato-cho
54,10193,32.77999999999998,130.99999999999977, Kumamoto,Yamato-cho
55,10051,32.59999999999998,131.22499999999977, Miyazaki,Gokase-cho
56,10052,32.59999999999998,131.44999999999976, Miyazaki,Nobeoka City
57,10053,32.59999999999998,131.67499999999976, Miyazaki,Nobeoka City
58,10188,32.77999999999998,129.8749999999998, Nagasaki,Nagasaki City
59,10190,32.77999999999998,130.3249999999998, Nagasaki,Shimabara City
60,10192,32.77999999999998,130.77499999999978, Kumamoto,Higashi-ku
61,10194,32.77999999999998,131.22499999999977, Kumamoto,Takamori-machi
62,10195,32.77999999999998,131.44999999999976, Miyazaki,Hinokage-cho
63,10196,32.77999999999998,131.67499999999976, Ōita,Saiki City
64,10340,32.95999999999998,131.89999999999975, Ōita,Saiki City
65,10201,32.77999999999998,132.79999999999973, Kōchi,Tosashimizu City
66,10330,32.95999999999998,129.6499999999998, Nagasaki,Saikai City
67,10332,32.95999999999998,130.0999999999998, Nagasaki,Isahaya City
68,10334,32.95999999999998,130.54999999999978, Kumamoto,Tamana City
69,10335,32.95999999999998,130.77499999999978, Kumamoto,Kikuchi City
70,10336,32.95999999999998,130.99999999999977, Kumamoto,Aso City
71,10337,32.95999999999998,131.22499999999977, Kumamoto,Aso City
72,10338,32.95999999999998,131.44999999999976, Ōita,Bungoono City
73,10339,32.95999999999998,131.67499999999976, Ōita,Usuki City
74,10343,32.95999999999998,132.57499999999973, Ehime,Ainan-cho
75,10344,32.95999999999998,132.79999999999973, Kōchi,Sukumo City
76,10474,33.13999999999998,129.8749999999998, Nagasaki,Hasami-cho
77,10475,33.13999999999998,130.0999999999998, Saga,Shiroishi-cho
78,10477,33.13999999999998,130.54999999999978, Fukuoka,Miyama City
79,10478,33.13999999999998,130.77499999999978, Fukuoka,Yame City
80,10479,33.13999999999998,130.99999999999977, Kumamoto,Oguni-machi
81,10480,33.13999999999998,131.22499999999977, Ōita,Kokonoe-machi
82,10481,33.13999999999998,131.44999999999976, Ōita,Oita City
83,10482,33.13999999999998,131.67499999999976, Ōita,Oita City
84,10486,33.13999999999998,132.57499999999973, Ehime,Uwajima City
85,10629,33.31999999999998,132.57499999999973, Ehime,Uwajima City
86,10487,33.13999999999998,132.79999999999973, Kōchi,Shimanto City
87,10488,33.13999999999998,133.02499999999972, Kōchi,Shimanto City
88,10518,33.13999999999998,139.77499999999955, Tokyo,Hachijo-machi
89,10616,33.31999999999998,129.6499999999998, Nagasaki,Sasebo City
90,10617,33.31999999999998,129.8749999999998, Saga,Imari City
91,10618,33.31999999999998,130.0999999999998, Saga,Karatsu City
92,10619,33.31999999999998,130.3249999999998, Saga,Saga City
93,10620,33.31999999999998,130.54999999999978, Fukuoka,Kurume City
94,10621,33.31999999999998,130.77499999999978, Fukuoka,Ukiha City
95,10622,33.31999999999998,130.99999999999977, Ōita,Hita City
96,10623,33.31999999999998,131.22499999999977, Ōita,Kusu-machi
97,10624,33.31999999999998,131.44999999999976, Ōita,Beppu City
98,10630,33.31999999999998,132.79999999999973, Ehime,Kihoku-cho
99,10631,33.31999999999998,133.02499999999972, Kōchi,Yusuhara-cho
100,10636,33.31999999999998,134.1499999999997, Kōchi,Muroto City
101,10760,33.49999999999998,129.8749999999998, Saga,Genkai-cho
102,10761,33.49999999999998,130.0999999999998, Fukuoka,Itoshima City
103,10762,33.49999999999998,130.3249999999998, Fukuoka,Sawara-ku
104,10763,33.49999999999998,130.54999999999978, Fukuoka,Chikushino City
105,10764,33.49999999999998,130.77499999999978, Fukuoka,Kama City
106,10765,33.49999999999998,130.99999999999977, Ōita,Nakatsu City
107,10766,33.49999999999998,131.22499999999977, Ōita,Nakatsu City
108,10767,33.49999999999998,131.44999999999976, Ōita,Kitsuki City
109,10768,33.49999999999998,131.67499999999976, Ōita,Kunisaki City
110,10771,33.49999999999998,132.34999999999974, Ehime,Ikata-cho
111,10772,33.49999999999998,132.57499999999973, Ehime,Ozu City
112,10773,33.49999999999998,132.79999999999973, Ehime,Ozu City
113,10774,33.49999999999998,133.02499999999972, Kōchi,Niyodogawa-cho
114,10775,33.49999999999998,133.24999999999972, Kōchi,Sakawa-cho
115,10776,33.49999999999998,133.4749999999997, Kōchi,Kochi City
116,10778,33.49999999999998,133.9249999999997, Kōchi,Aki City
117,10779,33.49999999999998,134.1499999999997, Kōchi,Kitagawa-mura
118,10786,33.49999999999998,135.72499999999965, Wakayama,Kushimoto-cho
119,10906,33.67999999999998,130.54999999999978, Fukuoka,Miyawaka City
120,10907,33.67999999999998,130.77499999999978, Fukuoka,Fukuchi-machi
121,10908,33.67999999999998,130.99999999999977, Fukuoka,Miyako-machi
122,10916,33.67999999999998,132.79999999999973, Ehime,Tobe-cho
123,10917,33.67999999999998,133.02499999999972, Ehime,Kumakogen-cho
124,10918,33.67999999999998,133.24999999999972, Kōchi,Ino-cho
125,10919,33.67999999999998,133.4749999999997, Kōchi,Tosa-cho
126,10920,33.67999999999998,133.6999999999997, Kōchi,Kami City
127,10921,33.67999999999998,133.9249999999997, Kōchi,Kami City
128,10922,33.67999999999998,134.1499999999997, Kōchi,Umaji-mura
129,10923,33.67999999999998,134.3749999999997, Tokushima,Mugi-cho
130,10928,33.67999999999998,135.49999999999966, Wakayama,Shirahama-cho
131,10929,33.67999999999998,135.72499999999965, Wakayama,Kozagawa-cho
132,10930,33.67999999999998,135.94999999999965, Wakayama,Nachikatsuura-cho
133,11049,33.85999999999998,130.54999999999978, Fukuoka,Munakata City
134,11050,33.85999999999998,130.77499999999978, Fukuoka,Yahatanishi-ku
135,11056,33.85999999999998,132.12499999999974, Yamaguchi,Kaminoseki-cho
136,11059,33.85999999999998,132.79999999999973, Ehime,Matsuyama City
137,11060,33.85999999999998,133.02499999999972, Ehime,Saijo City
138,11061,33.85999999999998,133.24999999999972, Ehime,Saijo City
139,11062,33.85999999999998,133.4749999999997, Ehime,Shikokuchuo City
140,11063,33.85999999999998,133.6999999999997, Tokushima,Miyoshi City
141,11064,33.85999999999998,133.9249999999997, Tokushima,Miyoshi City
142,11065,33.85999999999998,134.1499999999997, Tokushima,Naka-cho
143,11066,33.85999999999998,134.3749999999997, Tokushima,Kamikatsu-cho
144,11067,33.85999999999998,134.59999999999968, Tokushima,Anan City
145,11070,33.85999999999998,135.27499999999966, Wakayama,Inami-cho
146,11071,33.85999999999998,135.49999999999966, Wakayama,Tanabe City
147,11072,33.85999999999998,135.72499999999965, Wakayama,Tanabe City
148,11073,33.85999999999998,135.94999999999965, Mie,Kumano City
149,11194,34.03999999999998,130.99999999999977, Yamaguchi,Shinomoseki City
150,11337,34.21999999999998,130.99999999999977, Yamaguchi,Shinomoseki City
151,11195,34.03999999999998,131.22499999999977, Yamaguchi,Ube City
152,11196,34.03999999999998,131.44999999999976, Yamaguchi,Yamaguchi City
153,11339,34.21999999999998,131.44999999999976, Yamaguchi,Yamaguchi City
154,11340,34.21999999999998,131.67499999999976, Yamaguchi,Yamaguchi City
155,11483,34.39999999999998,131.67499999999976, Yamaguchi,Yamaguchi City
156,11198,34.03999999999998,131.89999999999975, Yamaguchi,Kudamatsu City
157,11199,34.03999999999998,132.12499999999974, Yamaguchi,Yanai City
158,11203,34.03999999999998,133.02499999999972, Ehime,Imabari City
159,11346,34.21999999999998,133.02499999999972, Ehime,Imabari City
160,11206,34.03999999999998,133.6999999999997, Kagawa,Kanonji City
161,11207,34.03999999999998,133.9249999999997, Tokushima,Higashimiyoshi-cho
162,11208,34.03999999999998,134.1499999999997, Tokushima,Mima City
163,11209,34.03999999999998,134.3749999999997, Tokushima,Kamiyama-cho
164,11213,34.03999999999998,135.27499999999966, Wakayama,Aridagawa-cho
165,11214,34.03999999999998,135.49999999999966, Wakayama,Hidakagawa-cho
166,11215,34.03999999999998,135.72499999999965, Nara,Totsukawa-mura
167,11216,34.03999999999998,135.94999999999965, Nara,Shimokitayama-mura
168,11217,34.03999999999998,136.17499999999964, Mie,Owase City
169,11329,34.21999999999998,129.19999999999982, Nagasaki,Tsushima City
170,11616,34.57999999999998,129.4249999999998, Nagasaki,Tsushima City
171,11338,34.21999999999998,131.22499999999977, Yamaguchi,Mine City
172,11341,34.21999999999998,131.89999999999975, Yamaguchi,Shunan City
173,11342,34.21999999999998,132.12499999999974, Yamaguchi,Iwakuni City
174,11344,34.21999999999998,132.57499999999973, Hiroshima,Kure City
175,11349,34.21999999999998,133.6999999999997, Kagawa,Mitoyo City
176,11350,34.21999999999998,133.9249999999997, Kagawa,Ayagawa-cho
177,11351,34.21999999999998,134.1499999999997, Kagawa,Miki-cho
178,11352,34.21999999999998,134.3749999999997, Kagawa,Higashikagawa City
179,11353,34.21999999999998,134.59999999999968, Tokushima,Naruto City
180,11354,34.21999999999998,134.82499999999968, Hyōgo,Minamiawaji City
181,11356,34.21999999999998,135.27499999999966, Wakayama,Wakayama City
182,11357,34.21999999999998,135.49999999999966, Wakayama,Katsuragi-cho
183,11358,34.21999999999998,135.72499999999965, Nara,Gojo City
184,11359,34.21999999999998,135.94999999999965, Nara,Tenkawa-mura
185,11360,34.21999999999998,136.17499999999964, Mie,Odai-cho
186,11504,34.39999999999998,136.39999999999964, Mie,Odai-cho
187,11361,34.21999999999998,136.39999999999964, Mie,Taiki-cho
188,11480,34.39999999999998,130.99999999999977, Yamaguchi,Nagato City
189,11482,34.39999999999998,131.44999999999976, Yamaguchi,Hagi City
190,11626,34.57999999999998,131.67499999999976, Yamaguchi,Hagi City
191,11484,34.39999999999998,131.89999999999975, Shimane,Yoshika-cho
192,11485,34.39999999999998,132.12499999999974, Hiroshima,Hatsukaichi City
193,11628,34.57999999999998,132.12499999999974, Hiroshima,Hatsukaichi City
194,11486,34.39999999999998,132.34999999999974, Hiroshima,Saeki-ku
195,11487,34.39999999999998,132.57499999999973, Hiroshima,Aki-ku
196,11488,34.39999999999998,132.79999999999973, Hiroshima,Higashihiroshima City
197,11631,34.57999999999998,132.79999999999973, Hiroshima,Higashihiroshima City
198,11489,34.39999999999998,133.02499999999972, Hiroshima,Mihara City
199,11490,34.39999999999998,133.24999999999972, Hiroshima,Onomichi City
200,11497,34.39999999999998,134.82499999999968, Hyōgo,Sumoto City
201,11500,34.39999999999998,135.49999999999966, Osaka,Izumi City
202,11501,34.39999999999998,135.72499999999965, Nara,Gose City
203,11502,34.39999999999998,135.94999999999965, Nara,Higashiyoshino-mura
204,11503,34.39999999999998,136.17499999999964, Mie,Matsusaka City
205,11647,34.57999999999998,136.39999999999964, Mie,Matsusaka City
206,11505,34.39999999999998,136.62499999999963, Mie,Watarai-cho
207,11506,34.39999999999998,136.84999999999962, Mie,Shima City
208,11627,34.57999999999998,131.89999999999975, Shimane,Tsuwano-cho
209,11629,34.57999999999998,132.34999999999974, Hiroshima,Akiota-cho
210,11630,34.57999999999998,132.57499999999973, Hiroshima,Akitakata City
211,11773,34.75999999999998,132.57499999999973, Hiroshima,Akitakata City
212,11632,34.57999999999998,133.02499999999972, Hiroshima,Sera-cho
213,11633,34.57999999999998,133.24999999999972, Hiroshima,Fuchu City
214,11634,34.57999999999998,133.4749999999997, Okayama,Ibara City
215,11635,34.57999999999998,133.6999999999997, Okayama,Kurashiki City
216,11636,34.57999999999998,133.9249999999997, Okayama,Minami-ku
217,11643,34.57999999999998,135.49999999999966, Osaka,Kita-ku
218,11644,34.57999999999998,135.72499999999965, Nara,Kawai-cho
219,11645,34.57999999999998,135.94999999999965, Nara,Nara City
220,11646,34.57999999999998,136.17499999999964, Mie,Nabari City
221,11648,34.57999999999998,136.62499999999963, Mie,Meiwa-cho
222,11770,34.75999999999998,131.89999999999975, Shimane,Hamada City
223,11771,34.75999999999998,132.12499999999974, Shimane,Hamada City
224,11914,34.939999999999976,132.12499999999974, Shimane,Hamada City
225,11772,34.75999999999998,132.34999999999974, Hiroshima,Kitahiroshima-cho
226,11774,34.75999999999998,132.79999999999973, Hiroshima,Miyoshi City
227,11775,34.75999999999998,133.02499999999972, Hiroshima,Miyoshi City
228,11917,34.939999999999976,132.79999999999973, Hiroshima,Miyoshi City
229,11776,34.75999999999998,133.24999999999972, Hiroshima,Jinsekikogen-cho
230,11777,34.75999999999998,133.4749999999997, Okayama,Takahashi City
231,11921,34.939999999999976,133.6999999999997, Okayama,Takahashi City
232,11778,34.75999999999998,133.6999999999997, Okayama,Kibichuo-cho
233,11779,34.75999999999998,133.9249999999997, Okayama,Kita-ku
234,11780,34.75999999999998,134.1499999999997, Okayama,Bizen City
235,11781,34.75999999999998,134.3749999999997, Hyōgo,Ako City
236,11783,34.75999999999998,134.82499999999968, Hyōgo,Kakogawa City
237,11784,34.75999999999998,135.04999999999967, Hyōgo,Nishi-ku
238,11785,34.75999999999998,135.27499999999966, Hyōgo,Higashinada-ku
239,11786,34.75999999999998,135.49999999999966, Osaka,Suita City
240,11787,34.75999999999998,135.72499999999965, Nara,Ikoma City
241,11788,34.75999999999998,135.94999999999965, Kyoto,Kasagi-cho
242,11789,34.75999999999998,136.17499999999964, Mie,Iga City
243,11790,34.75999999999998,136.39999999999964, Mie,Tsu City
244,11792,34.75999999999998,136.84999999999962, Aichi,Mihama-cho
245,11795,34.75999999999998,137.5249999999996, Shizuoka,Kosai City
246,11796,34.75999999999998,137.7499999999996, Shizuoka,Higashi-ku
247,11797,34.75999999999998,137.9749999999996, Shizuoka,Kakegawa City
248,11798,34.75999999999998,138.1999999999996, Shizuoka,Makinohara City
249,11801,34.75999999999998,138.87499999999957, Shizuoka,Matsuzaki-cho
250,11915,34.939999999999976,132.34999999999974, Shimane,Gotsu City
251,11916,34.939999999999976,132.57499999999973, Shimane,Onan-cho
252,11918,34.939999999999976,133.02499999999972, Hiroshima,Shobara City
253,11919,34.939999999999976,133.24999999999972, Hiroshima,Shobara City
254,11920,34.939999999999976,133.4749999999997, Okayama,Niimi City
255,12063,35.119999999999976,133.4749999999997, Okayama,Niimi City
256,11922,34.939999999999976,133.9249999999997, Okayama,Kumenan-cho
257,11923,34.939999999999976,134.1499999999997, Okayama,Mimasaka City
258,11924,34.939999999999976,134.3749999999997, Hyōgo,Kamigori-cho
259,11925,34.939999999999976,134.59999999999968, Hyōgo,Himeji City
260,11926,34.939999999999976,134.82499999999968, Hyōgo,kasai City
261,11927,34.939999999999976,135.04999999999967, Hyōgo,Kato City
262,11928,34.939999999999976,135.27499999999966, Hyōgo,Sanda City
263,11929,34.939999999999976,135.49999999999966, Osaka,Toyono-cho
264,11930,34.939999999999976,135.72499999999965, Kyoto,Fushimi-ku
265,11931,34.939999999999976,135.94999999999965, Shiga,Otsu City
266,11932,34.939999999999976,136.17499999999964, Shiga,Koka City
267,11933,34.939999999999976,136.39999999999964, Mie,Kameyama City
268,11934,34.939999999999976,136.62499999999963, Mie,Yokkaichi City
269,11935,34.939999999999976,136.84999999999962, Aichi,Chita City
270,11936,34.939999999999976,137.07499999999962, Aichi,Anjo City
271,11937,34.939999999999976,137.2999999999996, Aichi,Okazaki City
272,11938,34.939999999999976,137.5249999999996, Aichi,Shinshiro City
273,11939,34.939999999999976,137.7499999999996, Shizuoka,Tenryu-ku
274,12083,35.119999999999976,137.9749999999996, Shizuoka,Tenryu-ku
275,11940,34.939999999999976,137.9749999999996, Shizuoka,Mori-machi
276,11941,34.939999999999976,138.1999999999996, Shizuoka,Fujieda City
277,11944,34.939999999999976,138.87499999999957, Shizuoka,Izu City
278,11945,34.939999999999976,139.09999999999957, Shizuoka,Ito City
279,12059,35.119999999999976,132.57499999999973, Shimane,Oda City
280,12060,35.119999999999976,132.79999999999973, Shimane,Iinan-cho
281,12061,35.119999999999976,133.02499999999972, Shimane,Okuizumo-cho
282,12062,35.119999999999976,133.24999999999972, Tottori,Nichinan-cho
283,12064,35.119999999999976,133.6999999999997, Okayama,Maniwa City
284,12207,35.299999999999976,133.6999999999997, Okayama,Maniwa City
285,12065,35.119999999999976,133.9249999999997, Okayama,Kagamino-cho
286,12208,35.299999999999976,133.9249999999997, Okayama,Kagamino-cho
287,12066,35.119999999999976,134.1499999999997, Okayama,Nagi-cho
288,12067,35.119999999999976,134.3749999999997, Hyōgo,Sayo-cho
289,12068,35.119999999999976,134.59999999999968, Hyōgo,Shiso City
290,12069,35.119999999999976,134.82499999999968, Hyōgo,Kamikawa-cho
291,12070,35.119999999999976,135.04999999999967, Hyōgo,Tamba City
292,12071,35.119999999999976,135.27499999999966, Hyōgo,Sasayama City
293,12072,35.119999999999976,135.49999999999966, Kyoto,Nantan City
294,12215,35.299999999999976,135.49999999999966, Kyoto,Nantan City
295,12216,35.299999999999976,135.72499999999965, Kyoto,Nantan City
296,12073,35.119999999999976,135.72499999999965, Kyoto,Kita-ku
297,12074,35.119999999999976,135.94999999999965, Shiga,Moriyama City
298,12075,35.119999999999976,136.17499999999964, Shiga,Higashiomi City
299,12076,35.119999999999976,136.39999999999964, Shiga,Higashiomi City
300,12077,35.119999999999976,136.62499999999963, Mie,Kuwana City
301,12078,35.119999999999976,136.84999999999962, Aichi,Minato-ku
302,12079,35.119999999999976,137.07499999999962, Aichi,Togo-cho
303,12080,35.119999999999976,137.2999999999996, Aichi,Toyota City
304,12081,35.119999999999976,137.5249999999996, Aichi,Shitara-cho
305,12082,35.119999999999976,137.7499999999996, Aichi,Toyone-mura
306,12084,35.119999999999976,138.1999999999996, Shizuoka,Aoi-ku
307,12227,35.299999999999976,138.1999999999996, Shizuoka,Aoi-ku
308,12370,35.479999999999976,138.1999999999996, Shizuoka,Aoi-ku
309,12085,35.119999999999976,138.42499999999959, Shizuoka,Shimizu-ku
310,12086,35.119999999999976,138.64999999999958, Shizuoka,Fuji City
311,12087,35.119999999999976,138.87499999999957, Shizuoka,Numazu City
312,12092,35.119999999999976,139.99999999999955, Chiba,Kamogawa City
313,12093,35.119999999999976,140.22499999999954, Chiba,Katsuura City
314,12203,35.299999999999976,132.79999999999973, Shimane,Izumo City
315,12346,35.479999999999976,132.79999999999973, Shimane,Izumo City
316,12204,35.299999999999976,133.02499999999972, Shimane,Unnan City
317,12205,35.299999999999976,133.24999999999972, Shimane,Yasugi City
318,12206,35.299999999999976,133.4749999999997, Tottori,Kofu-cho
319,12209,35.299999999999976,134.1499999999997, Tottori,Tottori City
320,12352,35.479999999999976,134.1499999999997, Tottori,Tottori City
321,12353,35.479999999999976,134.3749999999997, Tottori,Tottori City
322,12210,35.299999999999976,134.3749999999997, Tottori,Wakasa-cho
323,12211,35.299999999999976,134.59999999999968, Hyōgo,Yabu City
324,12212,35.299999999999976,134.82499999999968, Hyōgo,Asago City
325,12213,35.299999999999976,135.04999999999967, Kyoto,Fukuchiyama City
326,12214,35.299999999999976,135.27499999999966, Kyoto,Ayabe City
327,12217,35.299999999999976,135.94999999999965, Shiga,Takashima City
328,12360,35.479999999999976,135.94999999999965, Shiga,Takashima City
329,12218,35.299999999999976,136.17499999999964, Shiga,Hikone City
330,12219,35.299999999999976,136.39999999999964, Shiga,Maibara City
331,12220,35.299999999999976,136.62499999999963, Gifu,Wanouchi-cho
332,12221,35.299999999999976,136.84999999999962, Aichi,Ichinomiya City
333,12222,35.299999999999976,137.07499999999962, Aichi,Kasugai City
334,12223,35.299999999999976,137.2999999999996, Gifu,Mizunami City
335,12224,35.299999999999976,137.5249999999996, Gifu,Ena City
336,12366,35.479999999999976,137.2999999999996, Gifu,Ena City
337,12225,35.299999999999976,137.7499999999996, Nagano,Anan-cho
338,12226,35.299999999999976,137.9749999999996, Nagano,Iida City
339,12368,35.479999999999976,137.7499999999996, Nagano,Iida City
340,12228,35.299999999999976,138.42499999999959, Yamanashi,Nanbu-cho
341,12229,35.299999999999976,138.64999999999958, Shizuoka,Fujinomiya City
342,12230,35.299999999999976,138.87499999999957, Shizuoka,Gotemba City
343,12231,35.299999999999976,139.09999999999957, Kanagawa,Minamiashigara City
344,12235,35.299999999999976,139.99999999999955, Chiba,Kimitsu City
345,12236,35.299999999999976,140.22499999999954, Chiba,Otaki-machi
346,12347,35.479999999999976,133.02499999999972, Shimane,Matsue City
347,12348,35.479999999999976,133.24999999999972, Tottori,Yonago City
348,12349,35.479999999999976,133.4749999999997, Tottori,Daisen-cho
349,12350,35.479999999999976,133.6999999999997, Tottori,Kotoura-cho
350,12351,35.479999999999976,133.9249999999997, Tottori,Yurihama-cho
351,12354,35.479999999999976,134.59999999999968, Hyōgo,Kami-cho
352,12355,35.479999999999976,134.82499999999968, Hyōgo,Toyooka City
353,12498,35.659999999999975,134.82499999999968, Hyōgo,Toyooka City
354,12356,35.479999999999976,135.04999999999967, Kyoto,Yosano-cho
355,12357,35.479999999999976,135.27499999999966, Kyoto,Maizuru City
356,12358,35.479999999999976,135.49999999999966, Fukui,Takahama-cho
357,12359,35.479999999999976,135.72499999999965, Fukui,Obama City
358,12361,35.479999999999976,136.17499999999964, Shiga,Nagahama City
359,12504,35.659999999999975,136.17499999999964, Shiga,Nagahama City
360,12362,35.479999999999976,136.39999999999964, Gifu,Ibigawa-cho
361,12505,35.659999999999975,136.39999999999964, Gifu,Ibigawa-cho
362,12363,35.479999999999976,136.62499999999963, Gifu,Ono-cho
363,12364,35.479999999999976,136.84999999999962, Gifu,Seki City
364,12507,35.659999999999975,136.84999999999962, Gifu,Seki City
365,12508,35.659999999999975,137.07499999999962, Gifu,Seki City
366,12365,35.479999999999976,137.07499999999962, Gifu,Kawabe-cho
367,12367,35.479999999999976,137.5249999999996, Gifu,Nakatsugawa City
368,12510,35.659999999999975,137.5249999999996, Gifu,Nakatsugawa City
369,12369,35.479999999999976,137.9749999999996, Nagano,Takagi-mura
370,12371,35.479999999999976,138.42499999999959, Yamanashi,Minobu-cho
371,12372,35.479999999999976,138.64999999999958, Yamanashi,Fujikawaguchiko-machi
372,12373,35.479999999999976,138.87499999999957, Yamanashi,Oshino-mura
373,12374,35.479999999999976,139.09999999999957, Kanagawa,Yamakita-machi
374,12375,35.479999999999976,139.32499999999956, Kanagawa,Atsugi City
375,12376,35.479999999999976,139.54999999999956, Kanagawa,Asahi-ku
376,12379,35.479999999999976,140.22499999999954, Chiba,Nagara-machi
377,12499,35.659999999999975,135.04999999999967, Kyoto,Kyotango City
378,12506,35.659999999999975,136.62499999999963, Gifu,Motosu City
379,12509,35.659999999999975,137.2999999999996, Gifu,Higashishirakawa-mura
380,12511,35.659999999999975,137.7499999999996, Nagano,Okuwa-mura
381,12512,35.659999999999975,137.9749999999996, Nagano,Nakagawa-mura
382,12513,35.659999999999975,138.1999999999996, Nagano,Ina City
383,12655,35.839999999999975,137.9749999999996, Nagano,Ina City
384,12514,35.659999999999975,138.42499999999959, Yamanashi,Minami-arupusu City
385,12515,35.659999999999975,138.64999999999958, Yamanashi,Fuefuki City
386,12516,35.659999999999975,138.87499999999957, Yamanashi,Otsuki City
387,12517,35.659999999999975,139.09999999999957, Yamanashi,Uenohara City
388,12518,35.659999999999975,139.32499999999956, Tokyo,Hachioji City
389,12519,35.659999999999975,139.54999999999956, Tokyo,Chofu City
390,12520,35.659999999999975,139.77499999999955, Tokyo,Chuo-ku
391,12522,35.659999999999975,140.22499999999954, Chiba,Sakura City
392,12523,35.659999999999975,140.44999999999953, Chiba,Sanmu City
393,12647,35.839999999999975,136.17499999999964, Fukui,Minamiechizen-cho
394,12648,35.839999999999975,136.39999999999964, Fukui,Ikeda-cho
395,12649,35.839999999999975,136.62499999999963, Fukui,Ono City
396,12792,36.019999999999975,136.62499999999963, Fukui,Ono City
397,12650,35.839999999999975,136.84999999999962, Gifu,Gujo City
398,12651,35.839999999999975,137.07499999999962, Gifu,Gujo City
399,12652,35.839999999999975,137.2999999999996, Gifu,Gero City
400,12653,35.839999999999975,137.5249999999996, Nagano,Otaki-mura
401,12654,35.839999999999975,137.7499999999996, Nagano,Kiso-machi
402,12656,35.839999999999975,138.1999999999996, Nagano,Fujimi-machi
403,12657,35.839999999999975,138.42499999999959, Yamanashi,Hokuto City
404,12658,35.839999999999975,138.64999999999958, Yamanashi,Yamanashi City
405,12659,35.839999999999975,138.87499999999957, Yamanashi,Tambarama-mura
406,12660,35.839999999999975,139.09999999999957, Tokyo,Okutama-machi
407,12661,35.839999999999975,139.32499999999956, Saitama,Hanno City
408,12662,35.839999999999975,139.54999999999956, Saitama,Fujimi City
409,12663,35.839999999999975,139.77499999999955, Saitama,Kawaguchi City
410,12664,35.839999999999975,139.99999999999955, Chiba,Kashiwa City
411,12665,35.839999999999975,140.22499999999954, Chiba,Inzai City
412,12666,35.839999999999975,140.44999999999953, Chiba,Narita City
413,12667,35.839999999999975,140.67499999999953, Chiba,Tonosho-machi
414,12776,36.019999999999975,133.02499999999972, Shimane,Chibu-mura
415,12790,36.019999999999975,136.17499999999964, Fukui,Fukui City
416,12791,36.019999999999975,136.39999999999964, Fukui,Fukui City
417,12793,36.019999999999975,136.84999999999962, Gifu,Takayama City
418,12794,36.019999999999975,137.07499999999962, Gifu,Takayama City
419,12795,36.019999999999975,137.2999999999996, Gifu,Takayama City
420,12796,36.019999999999975,137.5249999999996, Gifu,Takayama City
421,12937,36.199999999999974,137.07499999999962, Gifu,Takayama City
422,12938,36.199999999999974,137.2999999999996, Gifu,Takayama City
423,12939,36.199999999999974,137.5249999999996, Gifu,Takayama City
424,13082,36.379999999999974,137.5249999999996, Gifu,Takayama City
425,12797,36.019999999999975,137.7499999999996, Nagano,Kiso-mura
426,12798,36.019999999999975,137.9749999999996, Nagano,Tatsuno-machi
427,12799,36.019999999999975,138.1999999999996, Nagano,Chino City
428,12800,36.019999999999975,138.42499999999959, Nagano,Minamimaki-mura (Nagano Pref.)　
429,12801,36.019999999999975,138.64999999999958, Gunma,Ueno-mura
430,12802,36.019999999999975,138.87499999999957, Saitama,Ogano-machi
431,12803,36.019999999999975,139.09999999999957, Saitama,Chichibu City
432,12804,36.019999999999975,139.32499999999956, Saitama,Ranzan-machi
433,12805,36.019999999999975,139.54999999999956, Saitama,Kitamoto City
434,12806,36.019999999999975,139.77499999999955, Saitama,Sugito-machi
435,12807,36.019999999999975,139.99999999999955, Ibaraki,Joso City
436,12808,36.019999999999975,140.22499999999954, Ibaraki,Ami-machi
437,12809,36.019999999999975,140.44999999999953, Ibaraki,Namegata City
438,12920,36.199999999999974,133.24999999999972, Shimane,Okinoshima-cho
439,12933,36.199999999999974,136.17499999999964, Fukui,Awara City
440,12934,36.199999999999974,136.39999999999964, Ishikawa,Kaga City
441,12935,36.199999999999974,136.62499999999963, Ishikawa,Hakusan City
442,13078,36.379999999999974,136.62499999999963, Ishikawa,Hakusan City
443,12936,36.199999999999974,136.84999999999962, Gifu,Shirakawa-mura
444,12940,36.199999999999974,137.7499999999996, Nagano,Matsumoto City
445,12941,36.199999999999974,137.9749999999996, Nagano,Matsumoto City
446,12942,36.199999999999974,138.1999999999996, Nagano,Nagawa-machi
447,12943,36.199999999999974,138.42499999999959, Nagano,Saku City
448,12944,36.199999999999974,138.64999999999958, Gunma,Minamimaki-mura (Nagano Pref.)　
449,12945,36.199999999999974,138.87499999999957, Gunma,Kanra-machi
450,12946,36.199999999999974,139.09999999999957, Saitama,Kamikawa-machi
451,12947,36.199999999999974,139.32499999999956, Saitama,Fukaya City
452,12948,36.199999999999974,139.54999999999956, Gunma,Meiwa-cho
453,12949,36.199999999999974,139.77499999999955, Ibaraki,Koga City
454,12950,36.199999999999974,139.99999999999955, Ibaraki,Shimotsuma City
455,12951,36.199999999999974,140.22499999999954, Ibaraki,Kasumigaura City
456,12952,36.199999999999974,140.44999999999953, Ibaraki,Hokota City
457,13077,36.379999999999974,136.39999999999964, Ishikawa,Komatsu City
458,13079,36.379999999999974,136.84999999999962, Toyama,Nanto City
459,13222,36.559999999999974,136.84999999999962, Toyama,Nanto City
460,13080,36.379999999999974,137.07499999999962, Gifu,Hida City
461,13081,36.379999999999974,137.2999999999996, Gifu,Hida City
462,13083,36.379999999999974,137.7499999999996, Nagano,Azumino City
463,13084,36.379999999999974,137.9749999999996, Nagano,Azumino City
464,13085,36.379999999999974,138.1999999999996, Nagano,Ueda City
465,13086,36.379999999999974,138.42499999999959, Nagano,Tomi City
466,13087,36.379999999999974,138.64999999999958, Nagano,Karuizawa-cho
467,13088,36.379999999999974,138.87499999999957, Gunma,Takasaki City
468,13089,36.379999999999974,139.09999999999957, Gunma,Maebashi City
469,13090,36.379999999999974,139.32499999999956, Gunma,Kiryu City
470,13091,36.379999999999974,139.54999999999956, Tochigi,Sano City
471,13092,36.379999999999974,139.77499999999955, Tochigi,Tochigi City
472,13093,36.379999999999974,139.99999999999955, Tochigi,Mooka City
473,13094,36.379999999999974,140.22499999999954, Ibaraki,Kasama City
474,13095,36.379999999999974,140.44999999999953, Ibaraki,Mito City
475,13221,36.559999999999974,136.62499999999963, Ishikawa,Kanazawa City
476,13223,36.559999999999974,137.07499999999962, Toyama,Toyama City
477,13224,36.559999999999974,137.2999999999996, Toyama,Toyama City
478,13367,36.739999999999974,137.2999999999996, Toyama,Toyama City
479,13225,36.559999999999974,137.5249999999996, Toyama,Tateyama-machi
480,13226,36.559999999999974,137.7499999999996, Nagano,Omachi City
481,13227,36.559999999999974,137.9749999999996, Nagano,Nagano City
482,13228,36.559999999999974,138.1999999999996, Nagano,Nagano City
483,13370,36.739999999999974,137.9749999999996, Nagano,Nagano City
484,13229,36.559999999999974,138.42499999999959, Nagano,Suzaki City
485,13230,36.559999999999974,138.64999999999958, Gunma,Naganohara-machi
486,13231,36.559999999999974,138.87499999999957, Gunma,Higashiagatsuma-machi
487,13232,36.559999999999974,139.09999999999957, Gunma,Shibukawa City
488,13233,36.559999999999974,139.32499999999956, Gunma,Midori City
489,13234,36.559999999999974,139.54999999999956, Tochigi,Kanuma City
490,13235,36.559999999999974,139.77499999999955, Tochigi,Kanuma City
491,13236,36.559999999999974,139.99999999999955, Tochigi,Utsunomiya City
492,13237,36.559999999999974,140.22499999999954, Tochigi,Motegi-machi
493,13238,36.559999999999974,140.44999999999953, Ibaraki,Hitachiota City
494,13381,36.739999999999974,140.44999999999953, Ibaraki,Hitachiota City
495,13365,36.739999999999974,136.84999999999962, Toyama,Takaoka City
496,13366,36.739999999999974,137.07499999999962, Toyama,Imizu City
497,13368,36.739999999999974,137.5249999999996, Toyama,Uozu City
498,13369,36.739999999999974,137.7499999999996, Toyama,Kurobe City
499,13371,36.739999999999974,138.1999999999996, Nagano,Iizuna-machi
500,13372,36.739999999999974,138.42499999999959, Nagano,Yamanouchi-machi
501,13373,36.739999999999974,138.64999999999958, Nagano,Sakae-mura
502,13374,36.739999999999974,138.87499999999957, Gunma,Minakami-machi
503,13518,36.91999999999997,139.09999999999957, Gunma,Minakami-machi
504,13375,36.739999999999974,139.09999999999957, Gunma,Kawaba-mura
505,13376,36.739999999999974,139.32499999999956, Gunma,Numata City
506,13377,36.739999999999974,139.54999999999956, Tochigi,Nikko City
507,13378,36.739999999999974,139.77499999999955, Tochigi,Nikko City
508,13520,36.91999999999997,139.54999999999956, Tochigi,Nikko City
509,13379,36.739999999999974,139.99999999999955, Tochigi,Sakura City
510,13380,36.739999999999974,140.22499999999954, Tochigi,Nakagawa-machi
511,13382,36.739999999999974,140.67499999999953, Ibaraki,Takahagi City
512,13508,36.91999999999997,136.84999999999962, Ishikawa,Hakui City
513,13511,36.91999999999997,137.5249999999996, Toyama,Nyuzen-machi
514,13512,36.91999999999997,137.7499999999996, Niigata,Itoigawa City
515,13513,36.91999999999997,137.9749999999996, Niigata,Itoigawa City
516,13514,36.91999999999997,138.1999999999996, Niigata,Myoko City
517,13515,36.91999999999997,138.42499999999959, Nagano,Nozawaonsen-mura
518,13516,36.91999999999997,138.64999999999958, Niigata,Tsunan-machi
519,13517,36.91999999999997,138.87499999999957, Niigata,Yuzawa-machi
520,13519,36.91999999999997,139.32499999999956, Gunma,Katashina-mura
521,13521,36.91999999999997,139.77499999999955, Tochigi,Nasushiobara City
522,13522,36.91999999999997,139.99999999999955, Tochigi,Nasushiobara City
523,13523,36.91999999999997,140.22499999999954, Tochigi,Otawara City
524,13524,36.91999999999997,140.44999999999953, Fukushima,Hanawa-machi
525,13525,36.91999999999997,140.67499999999953, Fukushima,Iwaki City
526,13668,37.09999999999997,140.67499999999953, Fukushima,Iwaki City
527,13669,37.09999999999997,140.89999999999952, Fukushima,Iwaki City
528,13651,37.09999999999997,136.84999999999962, Ishikawa,Nanao City
529,13657,37.09999999999997,138.1999999999996, Niigata,Joetsu City
530,13658,37.09999999999997,138.42499999999959, Niigata,Joetsu City
531,13801,37.27999999999997,138.42499999999959, Niigata,Joetsu City
532,13659,37.09999999999997,138.64999999999958, Niigata,Tokamachi City
533,13660,37.09999999999997,138.87499999999957, Niigata,Minamiuonuma City
534,13661,37.09999999999997,139.09999999999957, Niigata,Uonuma City
535,13804,37.27999999999997,139.09999999999957, Niigata,Uonuma City
536,13662,37.09999999999997,139.32499999999956, Fukushima,Hinoemata-mura
537,13663,37.09999999999997,139.54999999999956, Fukushima,Minamiaizu-machi
538,13664,37.09999999999997,139.77499999999955, Fukushima,Minamiaizu-machi
539,13806,37.27999999999997,139.54999999999956, Fukushima,Minamiaizu-machi
540,13665,37.09999999999997,139.99999999999955, Tochigi,Nasu-machi
541,13666,37.09999999999997,140.22499999999954, Fukushima,Shirakawa City
542,13667,37.09999999999997,140.44999999999953, Fukushima,Asakawa-machi
543,13794,37.27999999999997,136.84999999999962, Ishikawa,Wajima City
544,13795,37.27999999999997,137.07499999999962, Ishikawa,Noto-cho
545,13802,37.27999999999997,138.64999999999958, Niigata,Nagaoka City
546,13803,37.27999999999997,138.87499999999957, Niigata,Nagaoka City
547,13946,37.45999999999997,138.87499999999957, Niigata,Nagaoka City
548,13805,37.27999999999997,139.32499999999956, Fukushima,Tadami-machi
549,13948,37.45999999999997,139.32499999999956, Fukushima,Tadami-machi
550,13807,37.27999999999997,139.77499999999955, Fukushima,Shimogo-machi
551,13808,37.27999999999997,139.99999999999955, Fukushima,Tenei-mura
552,13809,37.27999999999997,140.22499999999954, Fukushima,Sukagawa City
553,13810,37.27999999999997,140.44999999999953, Fukushima,Sukagawa City
554,13811,37.27999999999997,140.67499999999953, Fukushima,Ono-machi
555,13812,37.27999999999997,140.89999999999952, Fukushima,Naraha-machi
556,13939,37.45999999999997,137.2999999999996, Ishikawa,Suzu City
557,13945,37.45999999999997,138.64999999999958, Niigata,Kashiwazaki City
558,13947,37.45999999999997,139.09999999999957, Niigata,Sanjo City
559,13949,37.45999999999997,139.54999999999956, Fukushima,Kaneyama-machi
560,13950,37.45999999999997,139.77499999999955, Fukushima,Aizumisato-machi
561,13951,37.45999999999997,139.99999999999955, Fukushima,Aizuwakamatsu City
562,13952,37.45999999999997,140.22499999999954, Fukushima,Koriyama City
563,13953,37.45999999999997,140.44999999999953, Fukushima,Koriyama City
564,13954,37.45999999999997,140.67499999999953, Fukushima,Tamura City
565,13955,37.45999999999997,140.89999999999952, Fukushima,Namie-machi
566,14089,37.63999999999997,138.87499999999957, Niigata,Tsubame City
567,14090,37.63999999999997,139.09999999999957, Niigata,Kamo City
568,14091,37.63999999999997,139.32499999999956, Niigata,Gosen City
569,14092,37.63999999999997,139.54999999999956, Niigata,Aga-machi
570,14093,37.63999999999997,139.77499999999955, Fukushima,Kitakata City
571,14236,37.81999999999997,139.77499999999955, Fukushima,Kitakata City
572,14094,37.63999999999997,139.99999999999955, Fukushima,Kitashiobara-mura
573,14095,37.63999999999997,140.22499999999954, Fukushima,Inawashiro-machi
574,14096,37.63999999999997,140.44999999999953, Fukushima,Nihonmatsu City
575,14097,37.63999999999997,140.67499999999953, Fukushima,Iitate-mura
576,14098,37.63999999999997,140.89999999999952, Fukushima,Minamisoma City
577,14232,37.81999999999997,138.87499999999957, Niigata,Nishi-ku
578,14233,37.81999999999997,139.09999999999957, Niigata,Akiha-ku
579,14234,37.81999999999997,139.32499999999956, Niigata,Agano City
580,14235,37.81999999999997,139.54999999999956, Niigata,Shibata City
581,14377,37.99999999999997,139.32499999999956, Niigata,Shibata City
582,14237,37.81999999999997,139.99999999999955, Yamagata,Yonezawa City
583,14238,37.81999999999997,140.22499999999954, Yamagata,Yonezawa City
584,14239,37.81999999999997,140.44999999999953, Fukushima,Fukushima City
585,14240,37.81999999999997,140.67499999999953, Fukushima,Date City
586,14241,37.81999999999997,140.89999999999952, Fukushima,Soma City
587,14373,37.99999999999997,138.42499999999959, Niigata,Sado City
588,14516,38.17999999999997,138.42499999999959, Niigata,Sado City
589,14378,37.99999999999997,139.54999999999956, Niigata,Sekikawa-mura
590,14379,37.99999999999997,139.77499999999955, Yamagata,Oguni-machi
591,14522,38.17999999999997,139.77499999999955, Yamagata,Oguni-machi
592,14380,37.99999999999997,139.99999999999955, Yamagata,Kawanishi-cho
593,14381,37.99999999999997,140.22499999999954, Yamagata,Takahata-machi
594,14382,37.99999999999997,140.44999999999953, Miyagi,Shichikashuku-machi
595,14383,37.99999999999997,140.67499999999953, Miyagi,Shiroishi City
596,14384,37.99999999999997,140.89999999999952, Miyagi,Watari-cho
597,14521,38.17999999999997,139.54999999999956, Niigata,Murakami City
598,14664,38.35999999999997,139.54999999999956, Niigata,Murakami City
599,14807,38.53999999999997,139.54999999999956, Niigata,Murakami City
600,14523,38.17999999999997,139.99999999999955, Yamagata,Shirataka-machi
601,14524,38.17999999999997,140.22499999999954, Yamagata,Kaminoyama City
602,14525,38.17999999999997,140.44999999999953, Yamagata,Yamagata City
603,14526,38.17999999999997,140.67499999999953, Miyagi,Kawasaki-machi
604,14527,38.17999999999997,140.89999999999952, Miyagi,Natori City
605,14665,38.35999999999997,139.77499999999955, Yamagata,Tsuruoka City
606,14808,38.53999999999997,139.77499999999955, Yamagata,Tsuruoka City
607,14809,38.53999999999997,139.99999999999955, Yamagata,Tsuruoka City
608,14951,38.71999999999997,139.77499999999955, Yamagata,Tsuruoka City
609,14666,38.35999999999997,139.99999999999955, Yamagata,Nishikawa-machi
610,14667,38.35999999999997,140.22499999999954, Yamagata,Sagae City
611,14668,38.35999999999997,140.44999999999953, Yamagata,Tendo City
612,14669,38.35999999999997,140.67499999999953, Miyagi,Aoba-ku
613,14670,38.35999999999997,140.89999999999952, Miyagi,Tomiya-machi
614,14810,38.53999999999997,140.22499999999954, Yamagata,Murayama City
615,14811,38.53999999999997,140.44999999999953, Yamagata,Obanazawa City
616,14812,38.53999999999997,140.67499999999953, Miyagi,Kami-machi
617,14813,38.53999999999997,140.89999999999952, Miyagi,Osaki City
618,14955,38.71999999999997,140.67499999999953, Miyagi,Osaki City
619,14956,38.71999999999997,140.89999999999952, Miyagi,Osaki City
620,15098,38.89999999999997,140.67499999999953, Miyagi,Osaki City
621,14814,38.53999999999997,141.12499999999952, Miyagi,Wakuya-cho
622,14815,38.53999999999997,141.3499999999995, Miyagi,Ishinomaki City
623,14952,38.71999999999997,139.99999999999955, Yamagata,Shonai-machi
624,14953,38.71999999999997,140.22499999999954, Yamagata,Okura-mura
625,14954,38.71999999999997,140.44999999999953, Yamagata,Funagata-machi
626,14957,38.71999999999997,141.12499999999952, Miyagi,Tome City
627,14958,38.71999999999997,141.3499999999995, Miyagi,Tome City
628,15095,38.89999999999997,139.99999999999955, Yamagata,Sakata City
629,15096,38.89999999999997,140.22499999999954, Yamagata,Mamurogawa-machi
630,15097,38.89999999999997,140.44999999999953, Yamagata,Kaneyama-machi
631,15099,38.89999999999997,140.89999999999952, Miyagi,Kurihara City
632,15100,38.89999999999997,141.12499999999952, Iwate,Ichinoseki City
633,15101,38.89999999999997,141.3499999999995, Iwate,Ichinoseki City
634,15244,39.07999999999997,141.3499999999995, Iwate,Ichinoseki City
635,15102,38.89999999999997,141.5749999999995, Miyagi,Kesennuma City
636,15238,39.07999999999997,139.99999999999955, Yamagata,Yuza-machi
637,15239,39.07999999999997,140.22499999999954, Akita,Yurihonjo City
638,15382,39.25999999999997,140.22499999999954, Akita,Yurihonjo City
639,15525,39.43999999999997,140.22499999999954, Akita,Yurihonjo City
640,15240,39.07999999999997,140.44999999999953, Akita,Yuzawa City
641,15241,39.07999999999997,140.67499999999953, Akita,Yuzawa City
642,15242,39.07999999999997,140.89999999999952, Iwate,Oshu City
643,15243,39.07999999999997,141.12499999999952, Iwate,Oshu City
644,15387,39.25999999999997,141.3499999999995, Iwate,Oshu City
645,15245,39.07999999999997,141.5749999999995, Iwate,Rikuzentakata City
646,15246,39.07999999999997,141.7999999999995, Iwate,Ofunato City
647,15381,39.25999999999997,139.99999999999955, Akita,Nikaho City
648,15383,39.25999999999997,140.44999999999953, Akita,Yokote City
649,15384,39.25999999999997,140.67499999999953, Akita,Yokote City
650,15385,39.25999999999997,140.89999999999952, Iwate,Kitakami City
651,15386,39.25999999999997,141.12499999999952, Iwate,Kitakami City
652,15528,39.43999999999997,140.89999999999952, Iwate,Kitakami City
653,15388,39.25999999999997,141.5749999999995, Iwate,Tono City
654,15531,39.43999999999997,141.5749999999995, Iwate,Tono City
655,15389,39.25999999999997,141.7999999999995, Iwate,Kamaishi City
656,15526,39.43999999999997,140.44999999999953, Akita,Daisen City
657,15669,39.61999999999997,140.44999999999953, Akita,Daisen City
658,15527,39.43999999999997,140.67499999999953, Akita,Misato-cho
659,15529,39.43999999999997,141.12499999999952, Iwate,Hanamaki City
660,15530,39.43999999999997,141.3499999999995, Iwate,Hanamaki City
661,15532,39.43999999999997,141.7999999999995, Iwate,Otsuchi-cho
662,15533,39.43999999999997,142.0249999999995, Iwate,Yamada-machi
663,15668,39.61999999999997,140.22499999999954, Akita,Akita City
664,15811,39.79999999999997,140.22499999999954, Akita,Akita City
665,15812,39.79999999999997,140.44999999999953, Akita,Akita City
666,15670,39.61999999999997,140.67499999999953, Akita,Semboku City
667,15813,39.79999999999997,140.67499999999953, Akita,Semboku City
668,15671,39.61999999999997,140.89999999999952, Iwate,Shizukuishi-cho
669,15814,39.79999999999997,140.89999999999952, Iwate,Shizukuishi-cho
670,15672,39.61999999999997,141.12499999999952, Iwate,Yahaba-cho
671,15673,39.61999999999997,141.3499999999995, Iwate,Morioka City
672,15816,39.79999999999997,141.3499999999995, Iwate,Morioka City
673,15674,39.61999999999997,141.5749999999995, Iwate,Miyako City
674,15675,39.61999999999997,141.7999999999995, Iwate,Miyako City
675,15815,39.79999999999997,141.12499999999952, Iwate,Takizawa City
676,15817,39.79999999999997,141.5749999999995, Iwate,Iwaizumi-cho
677,15818,39.79999999999997,141.7999999999995, Iwate,Iwaizumi-cho
678,15961,39.97999999999997,141.7999999999995, Iwate,Iwaizumi-cho
679,15953,39.97999999999997,139.99999999999955, Akita,Ogata-machi
680,15954,39.97999999999997,140.22499999999954, Akita,Gojome-machi
681,15955,39.97999999999997,140.44999999999953, Akita,Kitaakita City
682,15956,39.97999999999997,140.67499999999953, Akita,Kitaakita City
683,16098,40.15999999999997,140.44999999999953, Akita,Kitaakita City
684,15957,39.97999999999997,140.89999999999952, Iwate,Hachimantai City
685,15958,39.97999999999997,141.12499999999952, Iwate,Hachimantai City
686,16100,40.15999999999997,140.89999999999952, Iwate,Hachimantai City
687,15959,39.97999999999997,141.3499999999995, Iwate,Kuzumaki-machi
688,15960,39.97999999999997,141.5749999999995, Iwate,Kuzumaki-machi
689,16096,40.15999999999997,139.99999999999955, Akita,Noshiro City
690,16097,40.15999999999997,140.22499999999954, Akita,Noshiro City
691,16099,40.15999999999997,140.67499999999953, Akita,Odate City
692,16241,40.33999999999997,140.44999999999953, Akita,Odate City
693,16242,40.33999999999997,140.67499999999953, Akita,Odate City
694,16101,40.15999999999997,141.12499999999952, Iwate,Ninohe City
695,16102,40.15999999999997,141.3499999999995, Iwate,Ichinohe-machi
696,16103,40.15999999999997,141.5749999999995, Iwate,Kuji City
697,16104,40.15999999999997,141.7999999999995, Iwate,Kuji City
698,16240,40.33999999999997,140.22499999999954, Akita,Fujisato-machi
699,16243,40.33999999999997,140.89999999999952, Akita,Kazuno City
700,16244,40.33999999999997,141.12499999999952, Aomori,Takko-machi
701,16245,40.33999999999997,141.3499999999995, Aomori,Nanbu-cho
702,16246,40.33999999999997,141.5749999999995, Iwate,Karumai-machi
703,16382,40.51999999999997,139.99999999999955, Aomori,Fukaura-machi
704,16525,40.69999999999997,139.99999999999955, Aomori,Fukaura-machi
705,16383,40.51999999999997,140.22499999999954, Aomori,Nishimeya-mura
706,16384,40.51999999999997,140.44999999999953, Aomori,Hirosaki City
707,16385,40.51999999999997,140.67499999999953, Aomori,Owani-machi
708,16386,40.51999999999997,140.89999999999952, Aomori,Towada City
709,16387,40.51999999999997,141.12499999999952, Aomori,Towada City
710,16388,40.51999999999997,141.3499999999995, Aomori,Gonohe-machi
711,16389,40.51999999999997,141.5749999999995, Aomori,Hachinohe City
712,16526,40.69999999999997,140.22499999999954, Aomori,Ajigasawa-machi
713,16527,40.69999999999997,140.44999999999953, Aomori,Itayanagi-machi
714,16528,40.69999999999997,140.67499999999953, Aomori,Aomori City
715,16529,40.69999999999997,140.89999999999952, Aomori,Aomori City
716,16671,40.87999999999997,140.67499999999953, Aomori,Aomori City
717,16530,40.69999999999997,141.12499999999952, Aomori,Shichinohe-machi
718,16531,40.69999999999997,141.3499999999995, Aomori,Misawa City
719,16670,40.87999999999997,140.44999999999953, Aomori,Goshogawara City
720,16672,40.87999999999997,140.89999999999952, Aomori,Hiranai-machi
721,16674,40.87999999999997,141.3499999999995, Aomori,Rokkasho-mura
722,16817,41.05999999999997,141.3499999999995, Aomori,Rokkasho-mura
723,16813,41.05999999999997,140.44999999999953, Aomori,Nakadomari-machi
724,16958,41.23999999999997,140.89999999999952, Aomori,Mutsu City
725,16959,41.23999999999997,141.12499999999952, Aomori,Mutsu City
726,17102,41.419999999999966,141.12499999999952, Aomori,Mutsu City
727,16960,41.23999999999997,141.3499999999995, Aomori,Higashidori-mura
728,17101,41.419999999999966,140.89999999999952, Aomori,Sai-mura
729,17240,41.599999999999966,139.99999999999955, Hokkaido,Matsumae-cho
730,17241,41.599999999999966,140.22499999999954, Hokkaido,Shiriuchi-cho
731,17384,41.779999999999966,140.22499999999954, Hokkaido,Kaminokuni
732,17385,41.779999999999966,140.44999999999953, Hokkaido,Kikonai-cho
733,17387,41.779999999999966,140.89999999999952, Hokkaido,Hakodate City
734,17530,41.959999999999965,140.89999999999952, Hokkaido,Hakodate City
735,17527,41.959999999999965,140.22499999999954, Hokkaido,Esashi-cho
736,17528,41.959999999999965,140.44999999999953, Hokkaido,Assabu-cho
737,17529,41.959999999999965,140.67499999999953, Hokkaido,Nanae
738,17669,42.139999999999965,139.99999999999955, Hokkaido,Yakumo-cho
739,17670,42.139999999999965,140.22499999999954, Hokkaido,Yakumo-cho
740,17813,42.319999999999965,140.22499999999954, Hokkaido,Yakumo-cho
741,17671,42.139999999999965,140.44999999999953, Hokkaido,Mori-machi
742,17682,42.139999999999965,142.92499999999947, Hokkaido,Samani-cho
743,17683,42.139999999999965,143.14999999999947, Hokkaido,Samani-cho
744,17811,42.319999999999965,139.77499999999955, Hokkaido,Setana Town
745,17812,42.319999999999965,139.99999999999955, Hokkaido,Imakane-cho
746,17955,42.499999999999964,139.99999999999955, Hokkaido,Imakane-cho
747,17956,42.499999999999964,140.22499999999954, Hokkaido,Imakane-cho
748,17823,42.319999999999965,142.47499999999948, Hokkaido,Shinhidaka-cho
749,17824,42.319999999999965,142.69999999999948, Hokkaido,Shinhidaka-cho
750,17967,42.499999999999964,142.69999999999948, Hokkaido,Shinhidaka-cho
751,17825,42.319999999999965,142.92499999999947, Hokkaido,Urakawa-cho
752,17826,42.319999999999965,143.14999999999947, Hokkaido,Hiroo-cho
753,17959,42.499999999999964,140.89999999999952, Hokkaido,Date City
754,18103,42.679999999999964,141.12499999999952, Hokkaido,Date City
755,17960,42.499999999999964,141.12499999999952, Hokkaido,Noboribetsu City
756,17964,42.499999999999964,142.0249999999995, Hokkaido,Hidaka-cho
757,17965,42.499999999999964,142.2499999999995, Hokkaido,Hidaka-cho
758,18252,42.859999999999964,142.47499999999948, Hokkaido,Hidaka-cho
759,18253,42.859999999999964,142.69999999999948, Hokkaido,Hidaka-cho
760,17966,42.499999999999964,142.47499999999948, Hokkaido,Niikappu-cho
761,18110,42.679999999999964,142.69999999999948, Hokkaido,Niikappu-cho
762,17968,42.499999999999964,142.92499999999947, Hokkaido,Taiki-cho
763,17969,42.499999999999964,143.14999999999947, Hokkaido,Taiki-cho
764,17970,42.499999999999964,143.37499999999946, Hokkaido,Taiki-cho
765,18098,42.679999999999964,139.99999999999955, Hokkaido,Shimamaki-mura
766,18099,42.679999999999964,140.22499999999954, Hokkaido,Kuromatsunai-cho
767,18100,42.679999999999964,140.44999999999953, Hokkaido,Kuromatsunai-cho
768,18101,42.679999999999964,140.67499999999953, Hokkaido,Toyoura-cho
769,18102,42.679999999999964,140.89999999999952, Hokkaido,Toyako-cho
770,18104,42.679999999999964,141.3499999999995, Hokkaido,Tomakomai City
771,18105,42.679999999999964,141.5749999999995, Hokkaido,Tomakomai City
772,18106,42.679999999999964,141.7999999999995, Hokkaido,Tomakomai City
773,18107,42.679999999999964,142.0249999999995, Hokkaido,Mukawa
774,18251,42.859999999999964,142.2499999999995, Hokkaido,Mukawa
775,18108,42.679999999999964,142.2499999999995, Hokkaido,Biratori-cho
776,18109,42.679999999999964,142.47499999999948, Hokkaido,Biratori-cho
777,18111,42.679999999999964,142.92499999999947, Hokkaido,Obihiro City
778,18255,42.859999999999964,143.14999999999947, Hokkaido,Obihiro City
779,18112,42.679999999999964,143.14999999999947, Hokkaido,Nakasatsunai-mura
780,18113,42.679999999999964,143.37499999999946, Hokkaido,Toyokoro-cho
781,18114,42.679999999999964,143.59999999999945, Hokkaido,Toyokoro-cho
782,18243,42.859999999999964,140.44999999999953, Hokkaido,Rankoshi-cho
783,18244,42.859999999999964,140.67499999999953, Hokkaido,Kutchan-cho
784,18245,42.859999999999964,140.89999999999952, Hokkaido,Kyogoku-cho
785,18246,42.859999999999964,141.12499999999952, Hokkaido,Minami-ku
786,18389,43.039999999999964,141.12499999999952, Hokkaido,Minami-ku
787,18247,42.859999999999964,141.3499999999995, Hokkaido,Eniwa City
788,18248,42.859999999999964,141.5749999999995, Hokkaido,Eniwa City
789,18249,42.859999999999964,141.7999999999995, Hokkaido,Abira-cho
790,18250,42.859999999999964,142.0249999999995, Hokkaido,Yuni-cho
791,18254,42.859999999999964,142.92499999999947, Hokkaido,Shimizu-cho
792,18397,43.039999999999964,142.92499999999947, Hokkaido,Shimizu-cho
793,18256,42.859999999999964,143.37499999999946, Hokkaido,Makubetsu-cho
794,18257,42.859999999999964,143.59999999999945, Hokkaido,Urahoro-cho
795,18258,42.859999999999964,143.82499999999945, Hokkaido,Urahoro-cho
796,18400,43.039999999999964,143.59999999999945, Hokkaido,Urahoro-cho
797,18387,43.039999999999964,140.67499999999953, Hokkaido,Kyowa-cho
798,18388,43.039999999999964,140.89999999999952, Hokkaido,Akaigawa-mura
799,18390,43.039999999999964,141.3499999999995, Hokkaido,Chuo-ku
800,18391,43.039999999999964,141.5749999999995, Hokkaido,Nanporo-cho
801,18392,43.039999999999964,141.7999999999995, Hokkaido,Kuriyama-cho
802,18393,43.039999999999964,142.0249999999995, Hokkaido,Yubari City
803,18394,43.039999999999964,142.2499999999995, Hokkaido,Yubari City
804,18537,43.21999999999996,142.2499999999995, Hokkaido,Yubari City
805,18395,43.039999999999964,142.47499999999948, Hokkaido,Shimukappu-mura
806,18396,43.039999999999964,142.69999999999948, Hokkaido,Minamifurano-cho
807,18539,43.21999999999996,142.69999999999948, Hokkaido,Minamifurano-cho
808,18398,43.039999999999964,143.14999999999947, Hokkaido,Otofuke-cho
809,18399,43.039999999999964,143.37499999999946, Hokkaido,Ikeda-cho
810,18401,43.039999999999964,143.82499999999945, Hokkaido,Kushiro City
811,18403,43.039999999999964,144.27499999999944, Hokkaido,Kushiro City
812,18545,43.21999999999996,144.04999999999944, Hokkaido,Kushiro City
813,18688,43.39999999999996,144.04999999999944, Hokkaido,Kushiro City
814,18402,43.039999999999964,144.04999999999944, Hokkaido,Shiranuka-cho
815,18544,43.21999999999996,143.82499999999945, Hokkaido,Shiranuka-cho
816,18404,43.039999999999964,144.49999999999943, Hokkaido,Kushiro-cho
817,18405,43.039999999999964,144.72499999999943, Hokkaido,Akkeshi-cho
818,18406,43.039999999999964,144.94999999999942, Hokkaido,Akkeshi-cho
819,18529,43.21999999999996,140.44999999999953, Hokkaido,Kamoenai-mura
820,18530,43.21999999999996,140.67499999999953, Hokkaido,Furubira-cho
821,18533,43.21999999999996,141.3499999999995, Hokkaido,Ishikari City
822,18820,43.57999999999996,141.5749999999995, Hokkaido,Ishikari City
823,18534,43.21999999999996,141.5749999999995, Hokkaido,Shinshinotsu-mura
824,18535,43.21999999999996,141.7999999999995, Hokkaido,Iwamizawa City
825,18536,43.21999999999996,142.0249999999995, Hokkaido,Mikasa
826,18538,43.21999999999996,142.47499999999948, Hokkaido,Furano City
827,18540,43.21999999999996,142.92499999999947, Hokkaido,Shintoku-cho
828,18682,43.39999999999996,142.69999999999948, Hokkaido,Shintoku-cho
829,18683,43.39999999999996,142.92499999999947, Hokkaido,Shintoku-cho
830,18541,43.21999999999996,143.14999999999947, Hokkaido,Shihoro-cho
831,18542,43.21999999999996,143.37499999999946, Hokkaido,Kamishihoro
832,18684,43.39999999999996,143.14999999999947, Hokkaido,Kamishihoro
833,18827,43.57999999999996,143.14999999999947, Hokkaido,Kamishihoro
834,18543,43.21999999999996,143.59999999999945, Hokkaido,Ashoro-cho
835,18685,43.39999999999996,143.37499999999946, Hokkaido,Ashoro-cho
836,18686,43.39999999999996,143.59999999999945, Hokkaido,Ashoro-cho
837,18687,43.39999999999996,143.82499999999945, Hokkaido,Ashoro-cho
838,18546,43.21999999999996,144.27499999999944, Hokkaido,Tsurui-mura
839,18689,43.39999999999996,144.27499999999944, Hokkaido,Tsurui-mura
840,18547,43.21999999999996,144.49999999999943, Hokkaido,Shibecha-cho
841,18548,43.21999999999996,144.72499999999943, Hokkaido,Shibecha-cho
842,18690,43.39999999999996,144.49999999999943, Hokkaido,Shibecha-cho
843,18549,43.21999999999996,144.94999999999942, Hokkaido,Hamanaka-cho
844,18550,43.21999999999996,145.17499999999941, Hokkaido,Hamanaka-cho
845,18551,43.21999999999996,145.3999999999994, Hokkaido,Nemuro City
846,18986,43.75999999999996,146.74999999999937, Hokkaido,Nemuro City
847,19124,43.93999999999996,145.6249999999994, Hokkaido,Nemuro City
848,19268,44.11999999999996,145.8499999999994, Hokkaido,Nemuro City
849,19412,44.29999999999996,146.0749999999994, Hokkaido,Nemuro City
850,19413,44.29999999999996,146.2999999999994, Hokkaido,Nemuro City
851,19559,44.47999999999996,146.97499999999937, Hokkaido,Nemuro City
852,19703,44.65999999999996,147.19999999999936, Hokkaido,Nemuro City
853,19847,44.83999999999996,147.42499999999936, Hokkaido,Nemuro City
854,19991,45.01999999999996,147.64999999999935, Hokkaido,Nemuro City
855,19992,45.01999999999996,147.87499999999935, Hokkaido,Nemuro City
856,20135,45.19999999999996,147.87499999999935, Hokkaido,Nemuro City
857,20136,45.19999999999996,148.09999999999934, Hokkaido,Nemuro City
858,20278,45.37999999999996,147.87499999999935, Hokkaido,Nemuro City
859,20281,45.37999999999996,148.54999999999933, Hokkaido,Nemuro City
860,20282,45.37999999999996,148.77499999999932, Hokkaido,Nemuro City
861,18677,43.39999999999996,141.5749999999995, Hokkaido,Tobetsu-cho
862,18678,43.39999999999996,141.7999999999995, Hokkaido,Urausu-cho
863,18679,43.39999999999996,142.0249999999995, Hokkaido,Bibai City
864,18680,43.39999999999996,142.2499999999995, Hokkaido,Ashibetsu City
865,18823,43.57999999999996,142.2499999999995, Hokkaido,Ashibetsu City
866,18681,43.39999999999996,142.47499999999948, Hokkaido,Kamifurano
867,18691,43.39999999999996,144.72499999999943, Hokkaido,Betsukai-cho
868,18692,43.39999999999996,144.94999999999942, Hokkaido,Betsukai-cho
869,18693,43.39999999999996,145.17499999999941, Hokkaido,Betsukai-cho
870,18836,43.57999999999996,145.17499999999941, Hokkaido,Betsukai-cho
871,18821,43.57999999999996,141.7999999999995, Hokkaido,Shintotsukawa-cho
872,18822,43.57999999999996,142.0249999999995, Hokkaido,Akabira City
873,18824,43.57999999999996,142.47499999999948, Hokkaido,Biei-cho
874,18825,43.57999999999996,142.69999999999948, Hokkaido,Biei-cho
875,18826,43.57999999999996,142.92499999999947, Hokkaido,Kawakami-cho
876,18969,43.75999999999996,142.92499999999947, Hokkaido,Kawakami-cho
877,18970,43.75999999999996,143.14999999999947, Hokkaido,Kawakami-cho
878,18828,43.57999999999996,143.37499999999946, Hokkaido,Oketo-cho
879,18972,43.75999999999996,143.59999999999945, Hokkaido,Oketo-cho
880,18829,43.57999999999996,143.59999999999945, Hokkaido,Rikubetsu-cho
881,18830,43.57999999999996,143.82499999999945, Hokkaido,Tsubetsu-cho
882,18831,43.57999999999996,144.04999999999944, Hokkaido,Tsubetsu-cho
883,18974,43.75999999999996,144.04999999999944, Hokkaido,Tsubetsu-cho
884,18832,43.57999999999996,144.27499999999944, Hokkaido,Teshikaga-cho
885,18833,43.57999999999996,144.49999999999943, Hokkaido,Teshikaga-cho
886,18834,43.57999999999996,144.72499999999943, Hokkaido,Nakashibetsu-cho
887,18835,43.57999999999996,144.94999999999942, Hokkaido,Nakashibetsu-cho
888,18963,43.75999999999996,141.5749999999995, Hokkaido,Mashike-cho
889,18964,43.75999999999996,141.7999999999995, Hokkaido,Hokuryu-cho
890,18965,43.75999999999996,142.0249999999995, Hokkaido,Fukagawa City
891,19108,43.93999999999996,142.0249999999995, Hokkaido,Fukagawa City
892,18966,43.75999999999996,142.2499999999995, Hokkaido,Asahikawa City
893,18967,43.75999999999996,142.47499999999948, Hokkaido,Asahikawa City
894,19109,43.93999999999996,142.2499999999995, Hokkaido,Asahikawa City
895,18968,43.75999999999996,142.69999999999948, Hokkaido,Toma-cho
896,18971,43.75999999999996,143.37499999999946, Hokkaido,Kitami City
897,18973,43.75999999999996,143.82499999999945, Hokkaido,Kitami City
898,19115,43.93999999999996,143.59999999999945, Hokkaido,Kitami City
899,19116,43.93999999999996,143.82499999999945, Hokkaido,Kitami City
900,19260,44.11999999999996,144.04999999999944, Hokkaido,Kitami City
901,18975,43.75999999999996,144.27499999999944, Hokkaido,Ozora-cho
902,18976,43.75999999999996,144.49999999999943, Hokkaido,Koshimizu-cho
903,18977,43.75999999999996,144.72499999999943, Hokkaido,Shibetsu-cho
904,18978,43.75999999999996,144.94999999999942, Hokkaido,Shibetsu-cho
905,19107,43.93999999999996,141.7999999999995, Hokkaido,Rumoi City
906,19110,43.93999999999996,142.47499999999948, Hokkaido,Pippu-cho
907,19111,43.93999999999996,142.69999999999948, Hokkaido,Aibetsu-cho
908,19112,43.93999999999996,142.92499999999947, Hokkaido,Takinoue-cho
909,19255,44.11999999999996,142.92499999999947, Hokkaido,Takinoue-cho
910,19113,43.93999999999996,143.14999999999947, Hokkaido,Engaru-machi
911,19114,43.93999999999996,143.37499999999946, Hokkaido,Engaru-machi
912,19117,43.93999999999996,144.04999999999944, Hokkaido,Abashiri City
913,19118,43.93999999999996,144.27499999999944, Hokkaido,Abashiri City
914,19121,43.93999999999996,144.94999999999942, Hokkaido,Shari-cho
915,19250,44.11999999999996,141.7999999999995, Hokkaido,Tomamae-cho
916,19251,44.11999999999996,142.0249999999995, Hokkaido,Obira-cho
917,19252,44.11999999999996,142.2499999999995, Hokkaido,Shibetsu City
918,19253,44.11999999999996,142.47499999999948, Hokkaido,Shibetsu City
919,19254,44.11999999999996,142.69999999999948, Hokkaido,Shibetsu City
920,19256,44.11999999999996,143.14999999999947, Hokkaido,Monbetsu City
921,19257,44.11999999999996,143.37499999999946, Hokkaido,Monbetsu City
922,19399,44.29999999999996,143.14999999999947, Hokkaido,Monbetsu City
923,19400,44.29999999999996,143.37499999999946, Hokkaido,Monbetsu City
924,19258,44.11999999999996,143.59999999999945, Hokkaido,Yubetsu-cho
925,19259,44.11999999999996,143.82499999999945, Hokkaido,Saroma-cho
926,19265,44.11999999999996,145.17499999999941, Hokkaido,Rausu-cho
927,19393,44.29999999999996,141.7999999999995, Hokkaido,Haboro-cho
928,19394,44.29999999999996,142.0249999999995, Hokkaido,Haboro-cho
929,19395,44.29999999999996,142.2499999999995, Hokkaido,Horokanai-cho
930,19396,44.29999999999996,142.47499999999948, Hokkaido,Nayoro City
931,19397,44.29999999999996,142.69999999999948, Hokkaido,Shimokawa-cho
932,19540,44.47999999999996,142.69999999999948, Hokkaido,Shimokawa-cho
933,19398,44.29999999999996,142.92499999999947, Hokkaido,Nishiokoppe-mura
934,19536,44.47999999999996,141.7999999999995, Hokkaido,Shosanbetsu-mura
935,19537,44.47999999999996,142.0249999999995, Hokkaido,Enbetsu-cho
936,19679,44.65999999999996,141.7999999999995, Hokkaido,Enbetsu-cho
937,19538,44.47999999999996,142.2499999999995, Hokkaido,Bifuka-cho
938,19539,44.47999999999996,142.47499999999948, Hokkaido,Bifuka-cho
939,19541,44.47999999999996,142.92499999999947, Hokkaido,Oumu-cho
940,19680,44.65999999999996,142.0249999999995, Hokkaido,Nakagawa-cho
941,19823,44.83999999999996,142.0249999999995, Hokkaido,Nakagawa-cho
942,19681,44.65999999999996,142.2499999999995, Hokkaido,Otoineppu-mura
943,19682,44.65999999999996,142.47499999999948, Hokkaido,Esashi-cho
944,19683,44.65999999999996,142.69999999999948, Hokkaido,Esashi-cho
945,19825,44.83999999999996,142.47499999999948, Hokkaido,Esashi-cho
946,19822,44.83999999999996,141.7999999999995, Hokkaido,Teshio-cho
947,19824,44.83999999999996,142.2499999999995, Hokkaido,Nakatonbetsu-cho
948,19965,45.01999999999996,141.7999999999995, Hokkaido,Horonobe-cho
949,19966,45.01999999999996,142.0249999999995, Hokkaido,Horonobe-cho
950,19967,45.01999999999996,142.2499999999995, Hokkaido,Hamatonbetsu-cho
951,19968,45.01999999999996,142.47499999999948, Hokkaido,Hamatonbetsu-cho
952,20107,45.19999999999996,141.5749999999995, Hokkaido,Wakkanai City
953,20251,45.37999999999996,141.7999999999995, Hokkaido,Wakkanai City
954,20252,45.37999999999996,142.0249999999995, Hokkaido,Wakkanai City
955,20108,45.19999999999996,141.7999999999995, Hokkaido,Toyotomi-cho
956,20109,45.19999999999996,142.0249999999995, Hokkaido,Sarufutsu-mura
957,20110,45.19999999999996,142.2499999999995, Hokkaido,Sarufutsu-mura
